start,start/step,0,timestamp,1647242705.6663115
start,start/step,0,timestamp,1647242896.678684
start,start/step,0,timestamp,1647242960.497835
start,start/step,0,timestamp,1647243089.8945775
start,start/step,0,timestamp,1647243302.5881436
val,loss,0.6326098297619158,mean_iu,0.4405117601662935,acc_cls,0.5866076530042468,acc,0.7951904529538067,epoch,20,timestamp,1647244578.001518
val,loss,0.46203337204125183,mean_iu,0.5747714020601198,acc_cls,0.7007764758825235,acc,0.843545830060641,epoch,21,timestamp,1647245718.7477844
val,loss,0.4537827603518962,mean_iu,0.5509146901918939,acc_cls,0.6622888434823822,acc,0.8453648355853827,epoch,22,timestamp,1647246859.5663614
val,loss,0.4763102850566308,mean_iu,0.5673120433079701,acc_cls,0.6945553834831619,acc,0.8505177220980129,epoch,23,timestamp,1647247992.4995673
val,loss,0.4623515227188667,mean_iu,0.5843220464544847,acc_cls,0.716696030828639,acc,0.8473413749609296,epoch,24,timestamp,1647249131.1249006
val,loss,0.5516813608093394,mean_iu,0.4418000747574071,acc_cls,0.6054564760518306,acc,0.8066143873847307,epoch,25,timestamp,1647250263.1072962
val,loss,0.4506600065777699,mean_iu,0.570577305030329,acc_cls,0.6764002109173124,acc,0.8549398879445806,epoch,26,timestamp,1647251399.9310923
val,loss,0.42846948802471163,mean_iu,0.5990408945377351,acc_cls,0.7068391387572741,acc,0.8611087169136814,epoch,27,timestamp,1647252535.5491412
val,loss,0.4443100249601735,mean_iu,0.5748734463342688,acc_cls,0.7208446614844044,acc,0.8480453692375476,epoch,28,timestamp,1647253678.861708
val,loss,0.4484661185906993,mean_iu,0.5846197086419467,acc_cls,0.6918117926613687,acc,0.8544566211442063,epoch,29,timestamp,1647254809.092957
val,loss,0.3954113389468855,mean_iu,0.6308668601913385,acc_cls,0.7441560367513931,acc,0.8760173123254535,epoch,30,timestamp,1647255946.8375
val,loss,0.39546590455704267,mean_iu,0.6235781872626021,acc_cls,0.7269189513746097,acc,0.8703203982676646,epoch,31,timestamp,1647257078.2160301
val,loss,0.5296931609925297,mean_iu,0.5642487358369408,acc_cls,0.7071739435628659,acc,0.8346698549351188,epoch,32,timestamp,1647258219.34216
val,loss,0.46476987476150194,mean_iu,0.5431001003611492,acc_cls,0.6636634833092782,acc,0.8426373972196418,epoch,33,timestamp,1647259355.1430771
val,loss,0.4175944219032923,mean_iu,0.5893152705544975,acc_cls,0.7127442846666643,acc,0.861076023206783,epoch,34,timestamp,1647260499.6131961
val,loss,0.3883748875310024,mean_iu,0.6195825351675246,acc_cls,0.7246651125874348,acc,0.8721293778998894,epoch,35,timestamp,1647261635.6773267
val,loss,0.5518375803199079,mean_iu,0.5664400356052601,acc_cls,0.6997324417725811,acc,0.8278978553785411,epoch,36,timestamp,1647262769.4083931
val,loss,0.4305245111799902,mean_iu,0.5630022454856206,acc_cls,0.6773888872797067,acc,0.8600754419307894,epoch,37,timestamp,1647263904.6393354
val,loss,0.4376200959086418,mean_iu,0.5917558198920485,acc_cls,0.7056062160478591,acc,0.8625227979914785,epoch,38,timestamp,1647265044.8149002
val,loss,0.5350987814366818,mean_iu,0.5051394790459645,acc_cls,0.6429469425875431,acc,0.8426993294500735,epoch,39,timestamp,1647266182.4557962
val,loss,0.35313251225484743,mean_iu,0.6694792534193069,acc_cls,0.7852198005069833,acc,0.8904813432529091,epoch,40,timestamp,1647267324.3710186
val,loss,0.39429316653145685,mean_iu,0.5869516806530837,acc_cls,0.6939429657737403,acc,0.8778704394509128,epoch,41,timestamp,1647268463.106432
val,loss,0.4144363358202908,mean_iu,0.6094314493629657,acc_cls,0.709926222477104,acc,0.8676735413313893,epoch,42,timestamp,1647269594.4377007
val,loss,0.3963405784633425,mean_iu,0.6071828124805179,acc_cls,0.7202331901882697,acc,0.873181081637387,epoch,43,timestamp,1647270728.1480598
val,loss,0.3876505171673165,mean_iu,0.640672591441786,acc_cls,0.7548398497917701,acc,0.8771501449405132,epoch,44,timestamp,1647271868.735047
val,loss,0.4115708902478218,mean_iu,0.6190145145862518,acc_cls,0.7229157836542002,acc,0.8722935703712198,epoch,45,timestamp,1647273004.16444
val,loss,0.407932189024157,mean_iu,0.6058495455216649,acc_cls,0.7199593157013073,acc,0.8688531248151218,epoch,46,timestamp,1647274137.5309563
val,loss,0.396310167055991,mean_iu,0.6046549769750944,acc_cls,0.7070209209254934,acc,0.8696871473386563,epoch,47,timestamp,1647275271.3198626
val,loss,0.36662705925603706,mean_iu,0.6369387605145943,acc_cls,0.7366330777648991,acc,0.8827859592619349,epoch,48,timestamp,1647276409.765256
val,loss,0.3723759881738159,mean_iu,0.6024388832416041,acc_cls,0.7031451300822236,acc,0.8814037180851237,epoch,49,timestamp,1647277545.6857576
val,loss,0.38523546788427565,mean_iu,0.6219515041569006,acc_cls,0.7273331039371428,acc,0.8795904314616072,epoch,50,timestamp,1647278680.7623143
val,loss,0.4079316746857431,mean_iu,0.6193525552816663,acc_cls,0.7197450850128224,acc,0.869371747305415,epoch,51,timestamp,1647279813.5320845
val,loss,0.3948623587273889,mean_iu,0.6196886021914405,acc_cls,0.7228908350305072,acc,0.8736839699898623,epoch,52,timestamp,1647280943.925404
val,loss,0.4445388444181946,mean_iu,0.6046925451178065,acc_cls,0.7209690135400124,acc,0.8488076028009275,epoch,53,timestamp,1647282077.0508487
val,loss,0.39759071299599275,mean_iu,0.5857833895480824,acc_cls,0.6841789380803924,acc,0.8663610598272012,epoch,54,timestamp,1647283206.994827
val,loss,0.39234048111571207,mean_iu,0.6422067565885656,acc_cls,0.7494604138562613,acc,0.8824588690140432,epoch,55,timestamp,1647284337.380483
val,loss,0.3699582149999009,mean_iu,0.6416679441732169,acc_cls,0.7603308287234318,acc,0.8833452447583066,epoch,56,timestamp,1647285475.5267832
val,loss,0.3775997342748775,mean_iu,0.6385248188509154,acc_cls,0.751471449674904,acc,0.8774624554217827,epoch,57,timestamp,1647286615.394053
val,loss,0.3457579576720794,mean_iu,0.6564581434781408,acc_cls,0.7783100411214466,acc,0.8884039155866816,epoch,58,timestamp,1647287750.9001238
val,loss,0.3676231580475966,mean_iu,0.6623878183184146,acc_cls,0.7663879637894397,acc,0.8882763302103477,epoch,59,timestamp,1647288885.9165158
val,loss,0.3670487668572201,mean_iu,0.6535299191412947,acc_cls,0.7637968723065942,acc,0.8832196953294567,epoch,60,timestamp,1647290020.9386566
val,loss,0.3505130149424076,mean_iu,0.6558569088512782,acc_cls,0.7790094381429161,acc,0.8855783161808154,epoch,61,timestamp,1647291156.578325
val,loss,0.3562278004984061,mean_iu,0.6247997899103181,acc_cls,0.7187234471051662,acc,0.884303005869602,epoch,62,timestamp,1647292294.8653507
val,loss,0.3491307697983252,mean_iu,0.6520995620477059,acc_cls,0.7499596300226887,acc,0.8905312629269887,epoch,63,timestamp,1647293425.3874438
val,loss,0.35179089154634213,mean_iu,0.6503155444741868,acc_cls,0.754560592232455,acc,0.8893139015286075,epoch,64,timestamp,1647294563.4046388
val,loss,0.37634987735913855,mean_iu,0.6325953333783498,acc_cls,0.7405892500728706,acc,0.8823256966035442,epoch,65,timestamp,1647295713.0207176
val,loss,0.3531193187046382,mean_iu,0.6641430638526137,acc_cls,0.7712621946503719,acc,0.8900302020654834,epoch,66,timestamp,1647296845.374769
val,loss,0.36218106485903256,mean_iu,0.6562118053558265,acc_cls,0.7583274802216755,acc,0.8881714059884429,epoch,67,timestamp,1647297979.4442577
val,loss,0.34374216695626575,mean_iu,0.6716104847376361,acc_cls,0.7817395196222537,acc,0.8929083531586633,epoch,68,timestamp,1647299108.3337855
val,loss,0.35331956129521136,mean_iu,0.6531205874387342,acc_cls,0.7727573940958231,acc,0.8865862567043385,epoch,69,timestamp,1647300249.2903647
val,loss,0.35427813393374286,mean_iu,0.6559837819147235,acc_cls,0.7700086214125822,acc,0.8882771067608111,epoch,70,timestamp,1647301389.3702476
val,loss,0.3479634662469228,mean_iu,0.6773505877559938,acc_cls,0.7886120856066645,acc,0.8926568673577224,epoch,71,timestamp,1647302529.9386532
val,loss,0.3508782907906506,mean_iu,0.6580646982525394,acc_cls,0.7554378050455002,acc,0.8889136010866944,epoch,72,timestamp,1647303663.1091294
val,loss,0.38867532904777263,mean_iu,0.6462735478252407,acc_cls,0.7583022158104595,acc,0.8832701404737897,epoch,73,timestamp,1647304804.0378933
val,loss,0.3647900100590455,mean_iu,0.6317698576399449,acc_cls,0.7305718605908607,acc,0.8873952238205147,epoch,74,timestamp,1647305947.7527308
val,loss,0.35338550201720664,mean_iu,0.618577262769002,acc_cls,0.7262260721231089,acc,0.8872624936308626,epoch,75,timestamp,1647307090.0867476
val,loss,0.39348248510311046,mean_iu,0.6236966516661445,acc_cls,0.7366405899470372,acc,0.8796482917970709,epoch,76,timestamp,1647308220.23158
val,loss,0.36318969126376843,mean_iu,0.6542734024821542,acc_cls,0.7668093448328569,acc,0.8894672982169102,epoch,77,timestamp,1647309354.8876274
val,loss,0.3423996720049116,mean_iu,0.6658684024687105,acc_cls,0.7794871420843619,acc,0.8923932417953363,epoch,78,timestamp,1647310488.41404
val,loss,0.347507237849964,mean_iu,0.6471383055048894,acc_cls,0.739583733564138,acc,0.8931526788446549,epoch,79,timestamp,1647311630.2648036
val,loss,0.3480052273306582,mean_iu,0.6492434290777711,acc_cls,0.7548284686760476,acc,0.8916203789477417,epoch,80,timestamp,1647312770.6755264
val,loss,0.34070665140946704,mean_iu,0.6704523376665935,acc_cls,0.7724827828717984,acc,0.8937658446888671,epoch,81,timestamp,1647313917.8020988
val,loss,0.3510862898081541,mean_iu,0.6629603822148237,acc_cls,0.7693617914792447,acc,0.8882420940584468,epoch,82,timestamp,1647315061.7064393
val,loss,0.3390358455893066,mean_iu,0.6713609106090338,acc_cls,0.793744470626718,acc,0.8964274327741113,epoch,83,timestamp,1647316208.1170366
val,loss,0.3634217894739575,mean_iu,0.6439612887534184,acc_cls,0.756004829717334,acc,0.8870386872585712,epoch,84,timestamp,1647317344.486756
val,loss,0.359923206228349,mean_iu,0.6474049301604372,acc_cls,0.7460014112272354,acc,0.8876636132469351,epoch,85,timestamp,1647318488.4291117
val,loss,0.34249097112980154,mean_iu,0.6771691931943317,acc_cls,0.781109159360662,acc,0.8960314306655517,epoch,86,timestamp,1647319633.2860363
val,loss,0.36482405381070243,mean_iu,0.6245622219867106,acc_cls,0.7643308385440342,acc,0.8832143460555962,epoch,87,timestamp,1647320771.8794165
val,loss,0.3271489586888088,mean_iu,0.6876321847389699,acc_cls,0.7886512523228717,acc,0.8997882446119867,epoch,88,timestamp,1647321916.0774195
val,loss,0.3509285037302309,mean_iu,0.6450335282688666,acc_cls,0.7436588085878838,acc,0.8874069320170369,epoch,89,timestamp,1647323056.754273
val,loss,0.34842839365204176,mean_iu,0.657092394396118,acc_cls,0.7541250645845399,acc,0.8913516745055673,epoch,90,timestamp,1647324200.096839
val,loss,0.3357325587835577,mean_iu,0.6741200914793135,acc_cls,0.7731629392969173,acc,0.8944963209346722,epoch,91,timestamp,1647325339.6305287
val,loss,0.3615118357870314,mean_iu,0.646192910703691,acc_cls,0.7352893465452259,acc,0.8872767945468991,epoch,92,timestamp,1647326487.1472154
val,loss,0.3279741986344258,mean_iu,0.6818729192381598,acc_cls,0.7786213785275174,acc,0.8987149186726525,epoch,93,timestamp,1647327633.874605
val,loss,0.3480538141603271,mean_iu,0.6614847134326655,acc_cls,0.7518484323163777,acc,0.8919033703200523,epoch,94,timestamp,1647328781.892228
val,loss,0.343456863404976,mean_iu,0.6712060213361761,acc_cls,0.7755773418577114,acc,0.8954928509615506,epoch,95,timestamp,1647329928.0058117
val,loss,0.3506488515891963,mean_iu,0.6561280759565551,acc_cls,0.762639647495356,acc,0.8939173466206792,epoch,96,timestamp,1647331067.7007701
val,loss,0.3611502996335427,mean_iu,0.6683446256902761,acc_cls,0.7679426600949429,acc,0.891869082886517,epoch,97,timestamp,1647332216.3515399
val,loss,0.3481154433968994,mean_iu,0.6697645915654122,acc_cls,0.7675344151665743,acc,0.8942632092767262,epoch,98,timestamp,1647333367.2128708
val,loss,0.3307708274366127,mean_iu,0.6847679115608636,acc_cls,0.7791942482290928,acc,0.8982017420255312,epoch,99,timestamp,1647334511.177073
start,start/step,0,timestamp,1647337374.2416909
val,loss,0.4353806710284616,mean_iu,0.6136146505968939,acc_cls,0.7548915775537179,acc,0.8672590099029411,epoch,90,timestamp,1647338663.5628092
val,loss,0.3803456674019496,mean_iu,0.6017491813712852,acc_cls,0.7097500315587052,acc,0.8792429883988282,epoch,91,timestamp,1647339819.8837972
val,loss,0.3769418760720226,mean_iu,0.6416235641472239,acc_cls,0.7541122675478389,acc,0.8830210442638113,epoch,92,timestamp,1647340962.223497
val,loss,0.44275513997094496,mean_iu,0.5956931262463264,acc_cls,0.7027730762533666,acc,0.8634682661624209,epoch,93,timestamp,1647342096.4932005
val,loss,0.3627047716743416,mean_iu,0.6433907885954264,acc_cls,0.7391101237125348,acc,0.8867096589644975,epoch,94,timestamp,1647343239.422417
val,loss,0.37375182811584734,mean_iu,0.6468982867013249,acc_cls,0.7716988949904837,acc,0.8822394708643218,epoch,95,timestamp,1647344384.1016989
val,loss,0.3602203015445007,mean_iu,0.6634638260545829,acc_cls,0.7820325020710461,acc,0.888748436928292,epoch,96,timestamp,1647345524.6055496
val,loss,0.36005114362471635,mean_iu,0.6407555529111826,acc_cls,0.7412247746156848,acc,0.8884056431783641,epoch,97,timestamp,1647346675.2718146
val,loss,0.3517092395159933,mean_iu,0.6710369416670385,acc_cls,0.775573647686234,acc,0.888675619671469,epoch,98,timestamp,1647347818.1274834
val,loss,0.3672720074860586,mean_iu,0.6732928876947997,acc_cls,0.7947189706751598,acc,0.8910056280348309,epoch,99,timestamp,1647348965.894767
val,loss,0.38851230632927675,mean_iu,0.6161183446731089,acc_cls,0.7506954690027852,acc,0.8800273916121416,epoch,100,timestamp,1647350121.8084898
val,loss,0.37293692289127245,mean_iu,0.6268063199620035,acc_cls,0.7234147048780989,acc,0.88812702406488,epoch,101,timestamp,1647351272.19928
val,loss,0.3562616462922758,mean_iu,0.6654147253750001,acc_cls,0.7783043267798843,acc,0.8929379306737797,epoch,102,timestamp,1647352417.205967
val,loss,0.37196218677692944,mean_iu,0.6358704052218929,acc_cls,0.7456152480419019,acc,0.8833421592023061,epoch,103,timestamp,1647353557.2267873
val,loss,0.3781255898790227,mean_iu,0.6412727295873947,acc_cls,0.7515076871573625,acc,0.8806213588112374,epoch,104,timestamp,1647354709.1159718
val,loss,0.35873409426874586,mean_iu,0.6708490364743024,acc_cls,0.784998381614083,acc,0.8904182954804309,epoch,105,timestamp,1647355845.106107
val,loss,0.37007632781234057,mean_iu,0.6251191812459894,acc_cls,0.7179070962542258,acc,0.882684540173039,epoch,106,timestamp,1647356987.955716
val,loss,0.3680527123105195,mean_iu,0.6478809920147074,acc_cls,0.7498551402586561,acc,0.8874230224623142,epoch,107,timestamp,1647358120.845889
val,loss,0.34809452725781337,mean_iu,0.6567791076529752,acc_cls,0.7708759793599208,acc,0.8903721932911332,epoch,108,timestamp,1647359254.8298557
val,loss,0.36100030204074246,mean_iu,0.6750663203188851,acc_cls,0.782146276886387,acc,0.8903541628016881,epoch,109,timestamp,1647360390.0585687
val,loss,0.3846355986264017,mean_iu,0.6024271497506843,acc_cls,0.7146259097367262,acc,0.8798066315021307,epoch,110,timestamp,1647361522.103853
val,loss,0.44624436377651155,mean_iu,0.6111301619036811,acc_cls,0.7510792303365781,acc,0.8640148531273313,epoch,111,timestamp,1647362651.295476
val,loss,0.35988976222773394,mean_iu,0.6677121264001578,acc_cls,0.7789317426041754,acc,0.8890034591640187,epoch,112,timestamp,1647363782.8510008
val,loss,0.3731717655228244,mean_iu,0.64289128860045,acc_cls,0.7639204591343683,acc,0.883054978053868,epoch,113,timestamp,1647364912.2693145
val,loss,0.3843256494651239,mean_iu,0.5834178177474372,acc_cls,0.6882859294553487,acc,0.8775533271438798,epoch,114,timestamp,1647366041.8424382
val,loss,0.37103533084607787,mean_iu,0.6434824885702872,acc_cls,0.7701509048322879,acc,0.8875090184331749,epoch,115,timestamp,1647367169.6582527
val,loss,0.3379605893045664,mean_iu,0.6868795836743286,acc_cls,0.7950061214455453,acc,0.8972460741373114,epoch,116,timestamp,1647368300.889831
val,loss,0.3592502916852633,mean_iu,0.6570964983577436,acc_cls,0.7722311777890284,acc,0.8892982386522815,epoch,117,timestamp,1647369434.6377013
val,loss,0.3501672990620136,mean_iu,0.6751297985008289,acc_cls,0.7740550282099012,acc,0.8936602304958817,epoch,118,timestamp,1647370565.4243677
val,loss,0.35501485839486124,mean_iu,0.6632279575748599,acc_cls,0.7761926698798237,acc,0.8917323560593604,epoch,119,timestamp,1647371693.7299626
val,loss,0.35183146182033753,mean_iu,0.6724137361934059,acc_cls,0.7695113026690217,acc,0.8915858211201343,epoch,120,timestamp,1647372827.0781775
val,loss,0.3563305486407545,mean_iu,0.6627641472264556,acc_cls,0.772060670909706,acc,0.8909419362449446,epoch,121,timestamp,1647373957.6652737
val,loss,0.3853615221877893,mean_iu,0.6354456010742188,acc_cls,0.7342124171914963,acc,0.8817153552451938,epoch,122,timestamp,1647375091.93263
val,loss,0.3723902265023854,mean_iu,0.6338900696291995,acc_cls,0.7582895551803994,acc,0.8832894057184312,epoch,123,timestamp,1647376226.8425748
val,loss,0.3477585147652361,mean_iu,0.6634615621329829,acc_cls,0.7605908314790262,acc,0.8944683784378984,epoch,124,timestamp,1647377355.7533197
val,loss,0.37116703647706245,mean_iu,0.6549385299017394,acc_cls,0.7502252094151878,acc,0.8912137875146825,epoch,125,timestamp,1647378484.2387195
val,loss,0.34227653392073176,mean_iu,0.6765737426448135,acc_cls,0.7827824521645972,acc,0.8987995460232712,epoch,126,timestamp,1647379616.0183325
val,loss,0.341112631186843,mean_iu,0.6865799720183261,acc_cls,0.789450909018877,acc,0.9004001810289645,epoch,127,timestamp,1647380744.2767844
val,loss,0.33772536139521336,mean_iu,0.6885464736349831,acc_cls,0.7923625978910112,acc,0.8992754942018264,epoch,128,timestamp,1647381873.4492104
val,loss,0.3424673809773392,mean_iu,0.6757946695536753,acc_cls,0.7664061070489834,acc,0.8975104422844029,epoch,129,timestamp,1647383009.042351
val,loss,0.3492131799666418,mean_iu,0.6747639992507035,acc_cls,0.785210424771062,acc,0.8956619364999941,epoch,130,timestamp,1647384137.915664
val,loss,0.374721447399093,mean_iu,0.6459567973604782,acc_cls,0.7425464355100869,acc,0.8865265735398713,epoch,131,timestamp,1647385269.421828
val,loss,0.35226946212351323,mean_iu,0.6523801152515486,acc_cls,0.7568960073481519,acc,0.8893536934128968,epoch,132,timestamp,1647386397.8934422
val,loss,0.3455335847205586,mean_iu,0.6653468564801156,acc_cls,0.7586133477100924,acc,0.8936555558752111,epoch,133,timestamp,1647387536.6812153
val,loss,0.3435437792705165,mean_iu,0.6752194778541056,acc_cls,0.7763281822332946,acc,0.8978422957303337,epoch,134,timestamp,1647388669.0851283
val,loss,0.34314963002171783,mean_iu,0.6748002892909348,acc_cls,0.7747201250273689,acc,0.8977372782690937,epoch,135,timestamp,1647389799.7917895
val,loss,0.34117967929277154,mean_iu,0.6842908283842104,acc_cls,0.7767053257490111,acc,0.8967140957782437,epoch,136,timestamp,1647390931.3425148
val,loss,0.32539115651614137,mean_iu,0.6949109282642205,acc_cls,0.7999428673582252,acc,0.9008081144424556,epoch,137,timestamp,1647392061.4551153
val,loss,0.34436670678357284,mean_iu,0.6718718051352817,acc_cls,0.7667552793057947,acc,0.895272700237195,epoch,138,timestamp,1647393193.5885966
val,loss,0.3316187981723083,mean_iu,0.6855264908193067,acc_cls,0.7945196315793843,acc,0.899589889248233,epoch,139,timestamp,1647394325.0647488
val,loss,0.3392581592624386,mean_iu,0.6738512147294679,acc_cls,0.770170744211174,acc,0.8983547804083887,epoch,140,timestamp,1647395455.0625532
val,loss,0.33427329522868,mean_iu,0.6897671009055966,acc_cls,0.7853865310933087,acc,0.8992859902869907,epoch,141,timestamp,1647396590.0698
val,loss,0.32895300620132023,mean_iu,0.6919299056080752,acc_cls,0.7930967121105167,acc,0.9015662101773376,epoch,142,timestamp,1647397728.9510472
val,loss,0.35038461540308263,mean_iu,0.670904611307824,acc_cls,0.7652903328389323,acc,0.8946221980331859,epoch,143,timestamp,1647398867.4194117
val,loss,0.3813031828651826,mean_iu,0.6264768568877315,acc_cls,0.7165162750886903,acc,0.8787104299578964,epoch,144,timestamp,1647400012.2104697
val,loss,0.34299334146910243,mean_iu,0.6831489941674083,acc_cls,0.7849423584585662,acc,0.8979169224962551,epoch,145,timestamp,1647401147.6331282
val,loss,0.3289592647511098,mean_iu,0.6923591851661057,acc_cls,0.7909414824637557,acc,0.900214179877127,epoch,146,timestamp,1647402289.7981255
val,loss,0.3576025597337219,mean_iu,0.6466750960565554,acc_cls,0.7520002328878586,acc,0.889283042638627,epoch,147,timestamp,1647403430.0318437
val,loss,0.34153139657444426,mean_iu,0.6667617576253128,acc_cls,0.7587388753659703,acc,0.8955497202960802,epoch,148,timestamp,1647404566.3621306
val,loss,0.34850852717128067,mean_iu,0.661339080816336,acc_cls,0.7562469523218758,acc,0.8937930199591111,epoch,149,timestamp,1647405707.0208795
start,start/step,0,timestamp,1647420164.8739018
val,loss,0.40773353878822594,mean_iu,0.5889035589039434,acc_cls,0.6971949230635026,acc,0.8710315513272414,epoch,90,timestamp,1647421437.3157632
val,loss,0.3496077669577466,mean_iu,0.6557559187681328,acc_cls,0.7644759017649312,acc,0.8896283125589002,epoch,91,timestamp,1647422580.6594036
val,loss,0.34617064139909215,mean_iu,0.6703851750087053,acc_cls,0.7693227979553827,acc,0.8919545360712475,epoch,92,timestamp,1647423727.5253594
val,loss,0.3862401582300663,mean_iu,0.5949961796519917,acc_cls,0.7240989837465592,acc,0.8729357629524753,epoch,93,timestamp,1647424870.0208328
val,loss,0.37124326945179037,mean_iu,0.6356150833385219,acc_cls,0.7432878267613927,acc,0.882082018264937,epoch,94,timestamp,1647426005.5702069
val,loss,0.37370680467122136,mean_iu,0.6134929304153844,acc_cls,0.7079944411850166,acc,0.884923314512887,epoch,95,timestamp,1647427142.434211
val,loss,0.3531896563453807,mean_iu,0.6664557112777088,acc_cls,0.7718558836108094,acc,0.8912193658909094,epoch,96,timestamp,1647428278.1957626
val,loss,0.3673943994773759,mean_iu,0.6586770989728219,acc_cls,0.768840357682921,acc,0.8877921723083267,epoch,97,timestamp,1647429409.8500307
val,loss,0.3605702425042788,mean_iu,0.6657407280013373,acc_cls,0.7789485367901161,acc,0.8887342152656905,epoch,98,timestamp,1647430546.4205396
val,loss,0.3251435508951545,mean_iu,0.6759803249941647,acc_cls,0.7778799374818071,acc,0.8975221911066354,epoch,99,timestamp,1647431682.1593554
val,loss,0.41760242647594875,mean_iu,0.5834786566987393,acc_cls,0.6915274383978767,acc,0.8682235535098783,epoch,100,timestamp,1647432817.6909943
val,loss,0.40363441300061015,mean_iu,0.630622755829073,acc_cls,0.737920400034574,acc,0.8807963284177283,epoch,101,timestamp,1647433955.2099743
val,loss,0.37245203525655796,mean_iu,0.65908914933095,acc_cls,0.7567580735362733,acc,0.8876280850642462,epoch,102,timestamp,1647435093.2234595
val,loss,0.3404775327692429,mean_iu,0.681881395726024,acc_cls,0.7895163099649001,acc,0.8960745578540608,epoch,103,timestamp,1647436229.7041018
val,loss,0.36271503729124865,mean_iu,0.6357476800942872,acc_cls,0.7349291132787669,acc,0.8852266333922651,epoch,104,timestamp,1647437363.3048105
val,loss,0.3844366973059045,mean_iu,0.6299102019406233,acc_cls,0.7475899845020839,acc,0.870624644212433,epoch,105,timestamp,1647438498.2509818
val,loss,0.35413896044095355,mean_iu,0.6438572114876634,acc_cls,0.7513505692772668,acc,0.8872529805546896,epoch,106,timestamp,1647439639.8919454
val,loss,0.35770996088782947,mean_iu,0.6602301419003307,acc_cls,0.7662475401500584,acc,0.8883592073254454,epoch,107,timestamp,1647440775.0503354
val,loss,0.38143598128938017,mean_iu,0.604406015793762,acc_cls,0.716319827187653,acc,0.8798816711851081,epoch,108,timestamp,1647441910.595437
val,loss,0.35482692821986145,mean_iu,0.6641794946309499,acc_cls,0.7628163991033164,acc,0.8882162700925681,epoch,109,timestamp,1647443051.5771024
val,loss,0.3376118015911844,mean_iu,0.6710156063822379,acc_cls,0.773360157677317,acc,0.8953712515505377,epoch,110,timestamp,1647444185.836623
val,loss,0.36252351748860545,mean_iu,0.6528194248019761,acc_cls,0.7596364399941496,acc,0.8928279508819205,epoch,111,timestamp,1647445326.3120077
val,loss,0.37288936235838466,mean_iu,0.6370166823779503,acc_cls,0.7354519194674429,acc,0.8847190977249244,epoch,112,timestamp,1647446459.817753
val,loss,0.33826676801674893,mean_iu,0.67787833186346,acc_cls,0.7723590742703892,acc,0.8975197935237299,epoch,113,timestamp,1647447594.6654923
val,loss,0.33612504924337067,mean_iu,0.6624401947858604,acc_cls,0.7561017451815234,acc,0.8959336372548052,epoch,114,timestamp,1647448727.2299376
val,loss,0.3579181519440479,mean_iu,0.6642566418503336,acc_cls,0.7672701392578961,acc,0.8917388202092719,epoch,115,timestamp,1647449860.3188844
val,loss,0.3352670295784871,mean_iu,0.6838604910589845,acc_cls,0.7835973241144574,acc,0.898554723504822,epoch,116,timestamp,1647450992.337357
val,loss,0.3733643557462427,mean_iu,0.6505391770286031,acc_cls,0.7664018773677033,acc,0.8885013740018165,epoch,117,timestamp,1647452123.0135772
val,loss,0.3315124375124772,mean_iu,0.6886043483660835,acc_cls,0.7961358693170434,acc,0.8990617350338997,epoch,118,timestamp,1647453256.1324897
val,loss,0.3690171537299951,mean_iu,0.6447179579971066,acc_cls,0.7687770910401573,acc,0.8846552241183344,epoch,119,timestamp,1647454391.0451152
val,loss,0.34344627656456495,mean_iu,0.6743927172652349,acc_cls,0.7726620732521478,acc,0.8943556221118354,epoch,120,timestamp,1647455521.9282575
val,loss,0.3587608752979173,mean_iu,0.6430407266533579,acc_cls,0.735664762416911,acc,0.8883741196251227,epoch,121,timestamp,1647456655.2241015
val,loss,0.3350396769742171,mean_iu,0.6844884448271065,acc_cls,0.7774860784721112,acc,0.8988947999941235,epoch,122,timestamp,1647457786.9812822
val,loss,0.3586002073147231,mean_iu,0.663161734439085,acc_cls,0.7564959345668087,acc,0.8922407102348653,epoch,123,timestamp,1647458922.1903262
val,loss,0.35021848840018116,mean_iu,0.6810190583841749,acc_cls,0.7768691984158933,acc,0.8964428259223602,epoch,124,timestamp,1647460056.8898227
val,loss,0.36394848844243416,mean_iu,0.6500194573179762,acc_cls,0.7429964155229365,acc,0.89081299889825,epoch,125,timestamp,1647461198.752025
val,loss,0.36344492681738405,mean_iu,0.660263378862192,acc_cls,0.7806561108615169,acc,0.8896522331103499,epoch,126,timestamp,1647462333.4924421
val,loss,0.359521108162072,mean_iu,0.6549404813535509,acc_cls,0.745033386799633,acc,0.8880489274636979,epoch,127,timestamp,1647463467.388971
val,loss,0.36493251576191843,mean_iu,0.6580371254505513,acc_cls,0.755635250508093,acc,0.8901504561660883,epoch,128,timestamp,1647464601.9683692
val,loss,0.3440306959466802,mean_iu,0.6659472369876109,acc_cls,0.7784855887654897,acc,0.8921997422029616,epoch,129,timestamp,1647465739.2226908
val,loss,0.3507257651537657,mean_iu,0.6736250246119136,acc_cls,0.7592453243752268,acc,0.8927611762000147,epoch,130,timestamp,1647466871.0729806
val,loss,0.3351978135605653,mean_iu,0.6858834048392995,acc_cls,0.7842249612550339,acc,0.8986635005092569,epoch,131,timestamp,1647468004.9648714
val,loss,0.36336912699043744,mean_iu,0.6479062943412152,acc_cls,0.7521244632531304,acc,0.8868162694863793,epoch,132,timestamp,1647469136.6897783
val,loss,0.34014121869372,mean_iu,0.6751258219506044,acc_cls,0.7860887126088841,acc,0.8954468226977258,epoch,133,timestamp,1647470266.5714092
val,loss,0.34231943767517803,mean_iu,0.6752109015267733,acc_cls,0.7808678976965986,acc,0.895878057953078,epoch,134,timestamp,1647471401.6124995
val,loss,0.33497240054938526,mean_iu,0.6733948662744549,acc_cls,0.7670357681246742,acc,0.9002907400272637,epoch,135,timestamp,1647472533.4533823
val,loss,0.3417799706881245,mean_iu,0.6565055693927038,acc_cls,0.7671555070502862,acc,0.8949368867834985,epoch,136,timestamp,1647473666.5716567
val,loss,0.34009895326776635,mean_iu,0.6580317245942651,acc_cls,0.7518715582403669,acc,0.8949411751269232,epoch,137,timestamp,1647474795.5482283
val,loss,0.3384680586763554,mean_iu,0.6627145318304115,acc_cls,0.7627730491013511,acc,0.8983566471930787,epoch,138,timestamp,1647475929.080173
val,loss,0.3428262400544352,mean_iu,0.6612179591073789,acc_cls,0.7541750939680663,acc,0.8946664041340024,epoch,139,timestamp,1647477062.5291939
val,loss,0.32335682935598825,mean_iu,0.6907341087993047,acc_cls,0.7987324558240474,acc,0.9024699424238514,epoch,140,timestamp,1647478198.7529938
val,loss,0.3588936359311144,mean_iu,0.653957113952475,acc_cls,0.7475621567993105,acc,0.8931527254643226,epoch,141,timestamp,1647479336.540587
val,loss,0.3278101575043466,mean_iu,0.6850895674662731,acc_cls,0.7851242529729167,acc,0.9016945574522393,epoch,142,timestamp,1647480469.600778
val,loss,0.34036713165955407,mean_iu,0.6773211128605887,acc_cls,0.7815274163562225,acc,0.8977099631398467,epoch,143,timestamp,1647481603.3833637
val,loss,0.3328850670614176,mean_iu,0.6854039943611501,acc_cls,0.7758754289167096,acc,0.8992112216640806,epoch,144,timestamp,1647482744.3606184
val,loss,0.3292681725695729,mean_iu,0.6897155254301897,acc_cls,0.7843484222419128,acc,0.900747212506678,epoch,145,timestamp,1647483884.759397
val,loss,0.33449272875570585,mean_iu,0.6898033650422319,acc_cls,0.7921392826841104,acc,0.9001528357205024,epoch,146,timestamp,1647485020.7169082
val,loss,0.33161628304256335,mean_iu,0.6874522222053725,acc_cls,0.7866859699599027,acc,0.8989350654010367,epoch,147,timestamp,1647486162.166996
val,loss,0.3343732190421886,mean_iu,0.6821883262331006,acc_cls,0.7916694515794027,acc,0.8995043588080534,epoch,148,timestamp,1647487298.8792694
val,loss,0.3218212347891596,mean_iu,0.6957913447921029,acc_cls,0.8025954790925302,acc,0.9025432871489136,epoch,149,timestamp,1647488428.4670846
start,start/step,0,timestamp,1647494646.7363398
start,start/step,0,timestamp,1647499698.8336518
val,loss,0.34080499189181457,mean_iu,0.6478795833309976,acc_cls,0.7472117478624314,acc,0.8959432748720904,epoch,135,timestamp,1647501000.9637773
start,start/step,0,timestamp,1647570034.7265778
start,start/step,0,timestamp,1647571376.7418003
val,loss,0.3591064013954666,mean_iu,0.6716048663331409,acc_cls,0.7825623925357694,acc,0.8895362646891888,epoch,140,timestamp,1647572665.101956
val,loss,0.38808632571664126,mean_iu,0.6385245427795433,acc_cls,0.7557934290786776,acc,0.8785780154499936,epoch,141,timestamp,1647573815.2759683
val,loss,0.34422363005578516,mean_iu,0.6739713571129566,acc_cls,0.7736566924690323,acc,0.8931479203085826,epoch,142,timestamp,1647574965.843074
val,loss,0.37058042856968115,mean_iu,0.6401684403845206,acc_cls,0.7396226516235447,acc,0.8868379742716271,epoch,143,timestamp,1647576111.3376267
val,loss,0.3825128963217139,mean_iu,0.6210548427471616,acc_cls,0.7488047046706445,acc,0.8821686109675431,epoch,144,timestamp,1647577257.7651017
val,loss,0.3607359741297034,mean_iu,0.6394430861866984,acc_cls,0.7536511995047103,acc,0.8890803476498144,epoch,145,timestamp,1647578408.9343836
val,loss,0.3587462414263023,mean_iu,0.6675235783571486,acc_cls,0.7623231241494446,acc,0.8910251909793498,epoch,146,timestamp,1647579556.8649185
val,loss,0.3366188950422737,mean_iu,0.6740213303166179,acc_cls,0.7897561387113481,acc,0.8964200881784773,epoch,147,timestamp,1647580716.8103163
val,loss,0.3638676439308458,mean_iu,0.6499716166395539,acc_cls,0.7553991461660106,acc,0.8895443951592197,epoch,148,timestamp,1647581866.6840537
val,loss,0.34328115230633155,mean_iu,0.6741789071640563,acc_cls,0.7805356970808173,acc,0.8951216478521776,epoch,149,timestamp,1647583018.6166244
val,loss,0.3598608954085244,mean_iu,0.6319180652151548,acc_cls,0.7363552613084026,acc,0.8854425863485504,epoch,150,timestamp,1647584175.4540596
val,loss,0.3405543148310648,mean_iu,0.6569910262728765,acc_cls,0.7570921164818465,acc,0.8951748955045292,epoch,151,timestamp,1647585323.44616
val,loss,0.34635866549279953,mean_iu,0.6601898037820788,acc_cls,0.7604106236676893,acc,0.8957936843466502,epoch,152,timestamp,1647586474.6629143
val,loss,0.34895536593265003,mean_iu,0.6870713798948751,acc_cls,0.7865652177205322,acc,0.8990665102198533,epoch,153,timestamp,1647587619.780806
val,loss,0.3642034413499965,mean_iu,0.6701301074195274,acc_cls,0.767381464994891,acc,0.8917363700127414,epoch,154,timestamp,1647588769.479908
val,loss,0.35580989379021855,mean_iu,0.6492516856919095,acc_cls,0.7504024044370046,acc,0.8929244402739644,epoch,155,timestamp,1647589916.1103053
val,loss,0.3495878409801258,mean_iu,0.6786709950163342,acc_cls,0.7901451435967431,acc,0.8983192222559133,epoch,156,timestamp,1647591069.242806
val,loss,0.38301884055965474,mean_iu,0.6463435384634337,acc_cls,0.7597012058214794,acc,0.8877251405522539,epoch,157,timestamp,1647592222.053489
val,loss,0.3691763777492774,mean_iu,0.6284317024909638,acc_cls,0.7229386113813429,acc,0.8902953773988199,epoch,158,timestamp,1647593371.4512498
val,loss,0.33672803574138216,mean_iu,0.6781360584610747,acc_cls,0.7753956449935886,acc,0.8963266170769133,epoch,159,timestamp,1647594515.6993208
val,loss,0.351268692397409,mean_iu,0.6660201193885505,acc_cls,0.7626389092851869,acc,0.8946482690833029,epoch,160,timestamp,1647595682.8186057
val,loss,0.3566239030824767,mean_iu,0.6615222200804033,acc_cls,0.7584290607273831,acc,0.8937711067173495,epoch,161,timestamp,1647596847.9889054
val,loss,0.38379636481404306,mean_iu,0.6183382527116319,acc_cls,0.7123488053271494,acc,0.884542016247491,epoch,162,timestamp,1647598000.8003728
val,loss,0.34698396573464074,mean_iu,0.6498105156766122,acc_cls,0.7500266510501763,acc,0.8937473846324847,epoch,163,timestamp,1647599153.5369596
val,loss,0.34535913806822566,mean_iu,0.6832085942594605,acc_cls,0.7902321628300236,acc,0.8964131778117472,epoch,164,timestamp,1647600304.4147308
val,loss,0.34939787839021946,mean_iu,0.6697196060017342,acc_cls,0.7715809503207726,acc,0.8916990542987974,epoch,165,timestamp,1647601453.9138167
val,loss,0.3570251257883178,mean_iu,0.6470341685729704,acc_cls,0.7532224886180038,acc,0.8909903161380026,epoch,166,timestamp,1647602609.3473098
val,loss,0.3362175312307146,mean_iu,0.6773894802308981,acc_cls,0.7790305907488104,acc,0.897817861696545,epoch,167,timestamp,1647603769.757125
val,loss,0.33864623728311727,mean_iu,0.6825823492777048,acc_cls,0.7944415987687482,acc,0.9001045870285089,epoch,168,timestamp,1647604917.1017613
val,loss,0.3711119263950321,mean_iu,0.6612809745299333,acc_cls,0.7774246382721498,acc,0.8893810511658398,epoch,169,timestamp,1647606068.05016
val,loss,0.35485526681360274,mean_iu,0.6428971326999258,acc_cls,0.7358783939419602,acc,0.8926716084966201,epoch,170,timestamp,1647607228.1353512
val,loss,0.34235586619211567,mean_iu,0.6668508267049018,acc_cls,0.7700327190320949,acc,0.8969087455444177,epoch,171,timestamp,1647608381.7779655
val,loss,0.3639474937485324,mean_iu,0.6521343694120478,acc_cls,0.7698404728355155,acc,0.8901035541164934,epoch,172,timestamp,1647609536.5444942
val,loss,0.36565416550470725,mean_iu,0.6101882607986473,acc_cls,0.6970580811219746,acc,0.8820392846796217,epoch,173,timestamp,1647610689.5458372
val,loss,0.3690831966284248,mean_iu,0.6409542450557224,acc_cls,0.7343922877442388,acc,0.8877590503664816,epoch,174,timestamp,1647611843.0875192
val,loss,0.34040863068981303,mean_iu,0.671843311354637,acc_cls,0.7650365241666651,acc,0.8967868058098312,epoch,175,timestamp,1647612998.6470604
val,loss,0.3751111175451014,mean_iu,0.6478163013802578,acc_cls,0.7323309866013652,acc,0.8868470151571668,epoch,176,timestamp,1647614153.3136022
val,loss,0.3541114633902907,mean_iu,0.6738761959366559,acc_cls,0.7729207464855357,acc,0.8966953713217465,epoch,177,timestamp,1647615311.0812662
val,loss,0.35179897447427116,mean_iu,0.671693204884152,acc_cls,0.7866621034156579,acc,0.8961581722259019,epoch,178,timestamp,1647616457.6518848
val,loss,0.34319093796528044,mean_iu,0.685278497816876,acc_cls,0.7891852853191024,acc,0.8981467361457155,epoch,179,timestamp,1647617613.8150072
val,loss,0.3617521968773669,mean_iu,0.6366509648739744,acc_cls,0.7405817381649128,acc,0.8924405767418446,epoch,180,timestamp,1647618762.9446626
val,loss,0.34016692118926184,mean_iu,0.6822576037547472,acc_cls,0.7792694048791046,acc,0.8962181177924983,epoch,181,timestamp,1647619912.990304
val,loss,0.35561885531577797,mean_iu,0.6782836239750449,acc_cls,0.77795083038404,acc,0.8967452084124149,epoch,182,timestamp,1647621061.00146
val,loss,0.34535134041474924,mean_iu,0.6759704703960945,acc_cls,0.777550984821693,acc,0.8976306371114304,epoch,183,timestamp,1647622205.2067533
val,loss,0.36267729610618626,mean_iu,0.652483385520209,acc_cls,0.7487814616392083,acc,0.8938738324889289,epoch,184,timestamp,1647623350.6599553
val,loss,0.34604799416330123,mean_iu,0.6660851557427732,acc_cls,0.7692680571038625,acc,0.8967145300071476,epoch,185,timestamp,1647624498.3506703
val,loss,0.3424375991647442,mean_iu,0.6871901224243021,acc_cls,0.7910282799627069,acc,0.90209867737692,epoch,186,timestamp,1647625644.8902369
val,loss,0.3284080962960919,mean_iu,0.6900377119558445,acc_cls,0.7977607248596649,acc,0.903638027499566,epoch,187,timestamp,1647626796.0602882
val,loss,0.3339664239022467,mean_iu,0.694110976168192,acc_cls,0.7897118659771847,acc,0.903342239028497,epoch,188,timestamp,1647627945.2213802
val,loss,0.34593257134159405,mean_iu,0.6740298423240046,acc_cls,0.7641628647199852,acc,0.9004682437456867,epoch,189,timestamp,1647629090.2824743
val,loss,0.3388051657420066,mean_iu,0.6779112190928106,acc_cls,0.7825604938750137,acc,0.899134875964415,epoch,190,timestamp,1647630235.8902853
val,loss,0.35348385613825584,mean_iu,0.6607192489430351,acc_cls,0.7468275935746204,acc,0.8970208651790201,epoch,191,timestamp,1647631384.2044582
val,loss,0.36321288297573723,mean_iu,0.6519012439757566,acc_cls,0.7485196164431044,acc,0.8936720079559101,epoch,192,timestamp,1647632535.7995014
val,loss,0.3362003125043379,mean_iu,0.6919955961480444,acc_cls,0.7914858178733309,acc,0.9005499280632888,epoch,193,timestamp,1647633683.3257437
val,loss,0.3546327918354008,mean_iu,0.6560702772533136,acc_cls,0.749272694965705,acc,0.8950310058984422,epoch,194,timestamp,1647634828.4584537
val,loss,0.322051400401526,mean_iu,0.7023385131209207,acc_cls,0.7967932728612646,acc,0.9050783221504639,epoch,195,timestamp,1647635974.9898343
val,loss,0.3495722271088097,mean_iu,0.6499777275130154,acc_cls,0.7455674316792098,acc,0.8984971388913923,epoch,196,timestamp,1647637127.0644662
val,loss,0.34155451686431965,mean_iu,0.6624403503112999,acc_cls,0.7515743818767745,acc,0.8983772504221805,epoch,197,timestamp,1647638276.4942398
val,loss,0.33354793712496755,mean_iu,0.680625254479561,acc_cls,0.7720307629367762,acc,0.8996356464519906,epoch,198,timestamp,1647639429.0392563
val,loss,0.33340182573431065,mean_iu,0.6847822943468316,acc_cls,0.7833567079222986,acc,0.9023600498773701,epoch,199,timestamp,1647640576.4975407
start,start/step,0,timestamp,1647663635.6140928
val,loss,0.3220514052030113,mean_iu,0.7023384805327482,acc_cls,0.7967932401980329,acc,0.9050783101625494,epoch,0,timestamp,1647664217.414533
start,start/step,0,timestamp,1648125423.3597286
start,start/step,0,timestamp,1648483200.2506058
start,start/step,0,timestamp,1649323184.8359394
val,loss,0.3220514031334056,mean_iu,0.7023384805327482,acc_cls,0.7967932401980329,acc,0.9050783101625494,epoch,0,timestamp,1649324364.2429986
start,start/step,0,timestamp,1649677284.443463
start,start/step,0,timestamp,1649677315.9564734
val,loss,0.32205140131215254,mean_iu,0.7023384805327482,acc_cls,0.7967932401980329,acc,0.9050783101625494,epoch,0,timestamp,1649678509.204133
start,start/step,0,timestamp,1649688614.7238245
val,loss,0.3220514031127095,mean_iu,0.7023384805327482,acc_cls,0.7967932401980329,acc,0.9050783101625494,epoch,0,timestamp,1649689797.235311
start,start/step,0,timestamp,1649753292.8869555
start,start/step,0,timestamp,1649754943.7029357
val,loss,0.32203258149222364,mean_iu,0.7023384805327482,acc_cls,0.7967932401980329,acc,0.9050783101625494,epoch,0,timestamp,1649757010.7980487
start,start/step,0,timestamp,1652363630.806178
val,loss,0.3220325841309709,mean_iu,0.7023384805327482,acc_cls,0.7967932401980329,acc,0.9050783101625494,epoch,0,timestamp,1652365672.644275
start,start/step,0,timestamp,1652366197.6445632
val,loss,0.32203258254772255,mean_iu,0.7023384805327482,acc_cls,0.7967932401980329,acc,0.9050783101625494,epoch,0,timestamp,1652368234.9069703
start,start/step,0,timestamp,1652413796.6463356
start,start/step,0,timestamp,1663852135.2711146
start,start/step,0,timestamp,1663852237.545585
start,start/step,0,timestamp,1663852532.8975658
start,start/step,0,timestamp,1663852602.9655905
start,start/step,0,timestamp,1663852637.4736671
start,start/step,0,timestamp,1663853027.6333039
start,start/step,0,timestamp,1663853819.4910648
start,start/step,0,timestamp,1663854004.6921735
val,loss,0.28031232452227006,mean_iu,0.6965704535350139,acc_cls,0.8010146642375953,acc,0.914958861512891,epoch,0,timestamp,1663855161.405876
start,start/step,0,timestamp,1664442225.8430994
val,loss,0.28031231918786126,mean_iu,0.6965704535350139,acc_cls,0.8010146642375953,acc,0.914958861512891,epoch,0,timestamp,1664444200.5745301
start,start/step,0,timestamp,1664782904.4815025
val,loss,0.2714350603210429,mean_iu,0.7258258394433477,acc_cls,0.8181325545709174,acc,0.9146349867164518,epoch,0,timestamp,1664784638.4237769
start,start/step,0,timestamp,1664802998.712117
start,start/step,0,timestamp,1664804391.9610653
start,start/step,0,timestamp,1665410068.4424894
start,start/step,0,timestamp,1665410159.7956042
start,start/step,0,timestamp,1665542812.616634
start,start/step,0,timestamp,1665543565.9636328
start,start/step,0,timestamp,1667377953.48605
start,start/step,0,timestamp,1667553084.2760909
start,start/step,0,timestamp,1667554054.841653
start,start/step,0,timestamp,1677726047.7874913
start,start/step,0,timestamp,1677726138.2205155
start,start/step,0,timestamp,1677726338.074042
val,loss,0.27143506543814305,mean_iu,0.7258258394433477,acc_cls,0.8181325545709174,acc,0.9146349867164518,epoch,0,timestamp,1677727445.5233073
start,start/step,0,timestamp,1677728774.459113
start,start/step,0,timestamp,1677729093.4268777
val,loss,0.1698637011986836,mean_iu,0.8436803692090696,acc_cls,0.9044296803102361,acc,0.9474557840418887,epoch,0,timestamp,1677739946.906789
start,start/step,0,timestamp,1686020292.1382942
start,start/step,0,timestamp,1686020570.5506978
start,start/step,0,timestamp,1686020593.0664973
start,start/step,0,timestamp,1686020718.7240202
start,start/step,0,timestamp,1686020939.301581
